First Name,Last Name,Student Number,Review 1,Review 2,Review 3,Grade 1,Grade 2,Grade 3
David,Lee,1001,1098,1070,1051,,,
Frank,Wilson,1002,1084,1058,1032,,,
Bob,Brown,1003,1045,1063,1010,,,
David,Williams,1004,1077,1025,1038,,,
Grace,Davis,1005,1048,1068,1024,,,
Bob,Davis,1006,1088,1070,1084,,,
Charlie,Smith,1007,1071,1097,1039,,,
Hannah,Davis,1008,1016,1015,1080,,,
Alice,Moore,1009,1053,1049,1032,,,
Bob,Lee,1010,1045,1020,1011,,,
Charlie,Doe,1011,1012,1075,1008,,,
Frank,Johnson,1012,1031,1033,1029,,,
Hannah,Lee,1013,1009,1075,1050,,,
Jane,Smith,1014,1097,1045,1039,,,
Jane,Lee,1015,1067,1017,1013,,,
Eva,Smith,1016,1056,1081,1094,,,
David,Smith,1017,1061,1049,1079,,,
David,Davis,1018,1052,1027,1079,,,
Charlie,Lee,1019,1088,1052,1066,,,
Frank,Wilson,1020,1058,1063,1084,,,
Jane,Smith,1021,1086,1001,1008,,,
Eva,Brown,1022,1094,1047,1065,,,
John,Johnson,1023,1094,1073,1043,,,
Alice,Lee,1024,1074,1031,1030,,,
Hannah,Lee,1025,1036,1053,1064,,,
Hannah,Miller,1026,1098,1022,1077,,,
Alice,Williams,1027,1100,1022,1096,,,
John,Johnson,1028,1073,1001,1078,,,
Hannah,Moore,1029,1039,1066,1056,,,
David,Smith,1030,1046,1014,1079,,,
Grace,Wilson,1031,1040,1054,1060,,,
Alice,Lee,1032,1008,1099,1051,,,
Grace,Brown,1033,1069,1048,1092,,,
Bob,Williams,1034,1076,1032,1051,,,
Jane,Miller,1035,1069,1060,1020,,,
Alice,Williams,1036,1083,1097,1081,,,
Charlie,Lee,1037,1013,1096,1021,,,
Grace,Moore,1038,1095,1062,1080,,,
Bob,Brown,1039,1085,1050,1097,,,
Hannah,Miller,1040,1052,1015,1041,,,
Frank,Davis,1041,1065,1043,1099,,,
Grace,Moore,1042,1098,1015,1086,,,
Jane,Smith,1043,1097,1084,1041,,,
Alice,Lee,1044,1059,1061,1042,,,
Grace,Johnson,1045,1027,1006,1015,,,
Charlie,Smith,1046,1055,1092,1025,,,
Charlie,Moore,1047,1014,1083,1072,,,
Eva,Williams,1048,1019,1013,1077,,,
Jane,Davis,1049,1048,1044,1066,,,
Eva,Davis,1050,1077,1061,1096,,,
John,Johnson,1051,1060,1090,1043,,,
Grace,Miller,1052,1011,1021,1097,,,
Hannah,Wilson,1053,1085,1070,1089,,,
Hannah,Moore,1054,1012,1050,1033,,,
Grace,Davis,1055,1028,1014,1031,,,
Hannah,Lee,1056,1045,1027,1031,,,
Bob,Brown,1057,1017,1092,1094,,,
Eva,Moore,1058,1002,1080,1094,,,
Alice,Smith,1059,1007,1032,1053,,,
Grace,Smith,1060,1080,1034,1100,,,
Hannah,Williams,1061,1095,1045,1073,,,
David,Lee,1062,1075,1032,1083,,,
Frank,Moore,1063,1079,1052,1026,,,
Grace,Smith,1064,1042,1084,1070,,,
John,Brown,1065,1055,1073,1002,,,
Grace,Johnson,1066,1071,1010,1022,,,
John,Brown,1067,1048,1051,1078,,,
Grace,Wilson,1068,1007,1032,1016,,,
Alice,Miller,1069,1040,1048,1013,,,
Frank,Davis,1070,1028,1062,1074,,,
Hannah,Brown,1071,1004,1036,1001,,,
Alice,Smith,1072,1012,1083,1048,,,
Jane,Brown,1073,1099,1037,1046,,,
Charlie,Brown,1074,1017,1067,1035,,,
John,Miller,1075,1061,1015,1021,,,
Eva,Miller,1076,1054,1075,1069,,,
Grace,Williams,1077,1052,1048,1018,,,
Alice,Brown,1078,1027,1041,1079,,,
Charlie,Davis,1079,1078,1084,1090,,,
John,Davis,1080,1008,1051,1027,,,
Eva,Miller,1081,1052,1098,1036,,,
Alice,Doe,1082,1092,1086,1083,,,
Hannah,Williams,1083,1076,1008,1059,,,
Frank,Smith,1084,1078,1077,1083,,,
David,Davis,1085,1093,1006,1046,,,
Alice,Williams,1086,1073,1031,1047,,,
Grace,Lee,1087,1085,1070,1006,,,
Bob,Williams,1088,1086,1071,1035,,,
Grace,Williams,1089,1092,1063,1030,,,
David,Doe,1090,1018,1069,1095,,,
Charlie,Miller,1091,1088,1067,1071,,,
Grace,Williams,1092,1007,1001,1027,,,
Jane,Davis,1093,1030,1037,1029,,,
Jane,Moore,1094,1058,1018,1010,,,
Hannah,Wilson,1095,1055,1009,1093,,,
Bob,Doe,1096,1017,1092,1034,,,
Frank,Doe,1097,1013,1018,1029,,,
Charlie,Brown,1098,1049,1024,1027,,,
John,Doe,1099,1062,1035,1097,,,
Charlie,Lee,1100,1050,1037,1092,,,
